[
    {
        "id": "56b2c545109b78f9",
        "type": "tab",
        "label": "Aula 07 - 2023_05_26",
        "disabled": false,
        "info": "",
        "env": []
    },
    {
        "id": "55514d36e13c6e7e",
        "type": "http in",
        "z": "56b2c545109b78f9",
        "name": "",
        "url": "/salvardcm",
        "method": "get",
        "upload": false,
        "swaggerDoc": "",
        "x": 80,
        "y": 200,
        "wires": [
            [
                "cf86c914f3943228"
            ]
        ]
    },
    {
        "id": "9efe0219ad280a83",
        "type": "http response",
        "z": "56b2c545109b78f9",
        "name": "",
        "statusCode": "",
        "headers": {},
        "x": 430,
        "y": 180,
        "wires": []
    },
    {
        "id": "a3241f5cfedc2484",
        "type": "debug",
        "z": "56b2c545109b78f9",
        "name": "debug 1",
        "active": true,
        "tosidebar": true,
        "console": false,
        "tostatus": false,
        "complete": "false",
        "statusVal": "",
        "statusType": "auto",
        "x": 440,
        "y": 220,
        "wires": []
    },
    {
        "id": "cf86c914f3943228",
        "type": "cloudantplus out",
        "z": "56b2c545109b78f9",
        "name": "",
        "cloudant": "3c1dec6ca8c4d1ad",
        "database": "tigrao",
        "service": "_ext_",
        "payonly": true,
        "operation": "insert",
        "x": 230,
        "y": 200,
        "wires": [
            [
                "9efe0219ad280a83",
                "a3241f5cfedc2484"
            ]
        ]
    },
    {
        "id": "425b0757e1c60e55",
        "type": "http in",
        "z": "56b2c545109b78f9",
        "name": "",
        "url": "/salvartigrao",
        "method": "post",
        "upload": false,
        "swaggerDoc": "",
        "x": 90,
        "y": 80,
        "wires": [
            [
                "62db449472ec2741"
            ]
        ]
    },
    {
        "id": "e6345cd12a850351",
        "type": "http response",
        "z": "56b2c545109b78f9",
        "name": "",
        "statusCode": "",
        "headers": {},
        "x": 430,
        "y": 60,
        "wires": []
    },
    {
        "id": "aa265d84228eb8be",
        "type": "debug",
        "z": "56b2c545109b78f9",
        "name": "debug 2",
        "active": true,
        "tosidebar": true,
        "console": false,
        "tostatus": false,
        "complete": "false",
        "statusVal": "",
        "statusType": "auto",
        "x": 440,
        "y": 100,
        "wires": []
    },
    {
        "id": "62db449472ec2741",
        "type": "cloudantplus out",
        "z": "56b2c545109b78f9",
        "name": "",
        "cloudant": "3c1dec6ca8c4d1ad",
        "database": "tigrao",
        "service": "_ext_",
        "payonly": true,
        "operation": "insert",
        "x": 250,
        "y": 80,
        "wires": [
            [
                "e6345cd12a850351",
                "aa265d84228eb8be"
            ]
        ]
    },
    {
        "id": "816663f3aaed07fe",
        "type": "http in",
        "z": "56b2c545109b78f9",
        "name": "",
        "url": "/listar",
        "method": "get",
        "upload": false,
        "swaggerDoc": "",
        "x": 60,
        "y": 300,
        "wires": [
            [
                "cc9c6e73504c0c34"
            ]
        ]
    },
    {
        "id": "e519f77e009bddb1",
        "type": "http response",
        "z": "56b2c545109b78f9",
        "name": "",
        "statusCode": "",
        "headers": {},
        "x": 430,
        "y": 280,
        "wires": []
    },
    {
        "id": "89dd4c514fb7cc1f",
        "type": "debug",
        "z": "56b2c545109b78f9",
        "name": "debug 3",
        "active": true,
        "tosidebar": true,
        "console": false,
        "tostatus": false,
        "complete": "false",
        "statusVal": "",
        "statusType": "auto",
        "x": 440,
        "y": 320,
        "wires": []
    },
    {
        "id": "cc9c6e73504c0c34",
        "type": "cloudantplus in",
        "z": "56b2c545109b78f9",
        "name": "",
        "cloudant": "3c1dec6ca8c4d1ad",
        "database": "tigrao",
        "service": "_ext_",
        "search": "_all_",
        "design": "",
        "index": "",
        "x": 210,
        "y": 300,
        "wires": [
            [
                "e519f77e009bddb1",
                "89dd4c514fb7cc1f"
            ]
        ]
    },
    {
        "id": "971d0282d5ac930b",
        "type": "http in",
        "z": "56b2c545109b78f9",
        "name": "",
        "url": "/deletar",
        "method": "delete",
        "upload": false,
        "swaggerDoc": "",
        "x": 80,
        "y": 420,
        "wires": [
            [
                "a7c55b334f9a7a1d"
            ]
        ]
    },
    {
        "id": "e3bb337ff70dbeed",
        "type": "http response",
        "z": "56b2c545109b78f9",
        "name": "",
        "statusCode": "",
        "headers": {},
        "x": 430,
        "y": 400,
        "wires": []
    },
    {
        "id": "a7a61a35c23ce1f6",
        "type": "debug",
        "z": "56b2c545109b78f9",
        "name": "debug 4",
        "active": true,
        "tosidebar": true,
        "console": false,
        "tostatus": false,
        "complete": "false",
        "statusVal": "",
        "statusType": "auto",
        "x": 440,
        "y": 440,
        "wires": []
    },
    {
        "id": "a7c55b334f9a7a1d",
        "type": "cloudantplus out",
        "z": "56b2c545109b78f9",
        "name": "",
        "cloudant": "3c1dec6ca8c4d1ad",
        "database": "tigrao",
        "service": "_ext_",
        "payonly": true,
        "operation": "delete",
        "x": 270,
        "y": 420,
        "wires": [
            [
                "e3bb337ff70dbeed",
                "a7a61a35c23ce1f6"
            ]
        ]
    },
    {
        "id": "05bc7544931c3260",
        "type": "http in",
        "z": "56b2c545109b78f9",
        "name": "",
        "url": "/editar",
        "method": "put",
        "upload": false,
        "swaggerDoc": "",
        "x": 70,
        "y": 540,
        "wires": [
            [
                "9d935cabe57e4b4e"
            ]
        ]
    },
    {
        "id": "a03603dc0dcb1093",
        "type": "http response",
        "z": "56b2c545109b78f9",
        "name": "",
        "statusCode": "",
        "headers": {},
        "x": 430,
        "y": 520,
        "wires": []
    },
    {
        "id": "706e6bf44e646558",
        "type": "debug",
        "z": "56b2c545109b78f9",
        "name": "debug 5",
        "active": true,
        "tosidebar": true,
        "console": false,
        "tostatus": false,
        "complete": "false",
        "statusVal": "",
        "statusType": "auto",
        "x": 440,
        "y": 560,
        "wires": []
    },
    {
        "id": "9d935cabe57e4b4e",
        "type": "cloudantplus out",
        "z": "56b2c545109b78f9",
        "name": "",
        "cloudant": "3c1dec6ca8c4d1ad",
        "database": "tigrao",
        "service": "_ext_",
        "payonly": true,
        "operation": "insert",
        "x": 270,
        "y": 540,
        "wires": [
            [
                "a03603dc0dcb1093",
                "706e6bf44e646558"
            ]
        ]
    },
    {
        "id": "3c1dec6ca8c4d1ad",
        "type": "cloudantplus",
        "host": "https://apikey-v2-xqmwqcwxzw39a34csad7x4mhe9k08798uohg4ihq9o7:40f8a5b2dea8e8dd04aee009c2247092@bbd3c0ee-d0c8-455b-bbd3-8d6d996c2c0a-bluemix.cloudantnosqldb.appdomain.cloud",
        "name": "Davi Menez",
        "useapikey": true
    }
]